SEP=,
id,result
0,0.24565625361434731
1,0.3500255642282524
2,0.4043181821574002
