SEP=,
id,result
0,0.9099189666301184
1,8.314555510411523E-17
2,0.09008103336988108
