SEP=,
id,result
0,0.5446644099812233
1,0.422258626559184
2,0.033076963459593094
