SEP=,
id,result
0,0.5695240602554655
1,0.4304759397445342
2,8.093500241338446E-17
