SEP=,
id,result
0,0.2456562536143482
1,0.4043181821573998
2,0.35002556422825204
