SEP=,
id,result
0,0.2171412155294493
1,0.39142939223527523
2,0.39142939223527523
