SEP=,
id,result
0,0.7900335968989896
1,5.85002970078747E-17
2,0.20996640310101106
