SEP=,
id,result
0,0.5446644099812231
1,0.03307696345959343
2,0.42225862655918456
