SEP=,
id,result
0,0.3402622210922805
1,0.32986888945385984
2,0.32986888945385984
