SEP=,
nameRSU,cWL,aWL,qReqV
R0,265.3810835629015,2454.5454545454545,[Null: req9 (0.0 V0)]