SEP=,
nameRSU,cWL,aWL,qReqV
R0,265.38108356290195,1636.3636363636365,[Null: req6 (0.0 V0)]