SEP=,
nameRSU,cWL,aWL,qReqV
R0,159.32047750229574,409.0909090909091,[Null: req2 (0.0 V0)]