SEP=,
nameRSU,cWL,aWL,qReqV
R0,265.38108356290195,818.1818181818182,[Null: req3 (0.0 V0)]