SEP=,
nameRSU,cWL,aWL,qReqV
R0,159.3204775022955,2045.4545454545455,[Null: req8 (0.0 V0)]