SEP=,
nameRSU,cWL,aWL,qReqV
R0,159.32047750229594,1227.2727272727275,[Null: req5 (0.0 V0)]